keyword,playlist_name,playlist_description,playlist_url,track_name,artist,artist_genres,track_url,song
总计数,,,,,,,197,
restaurant 计数,,,,,,,10,
restaurant,Restaurant Music 2025,Chill cooking dinner music. 2000s - 2025. Pop soul jazz restaurant playlist.,https://open.spotify.com/playlist/2UJd3dltnIGkMqhAbQSkbS,There Is a Light That Never Goes Out - 2011 Remaster,The Smiths,Pop soul jazz,https://open.spotify.com/track/0WQiDwKJclirSYG9v5tayI,
restaurant,RESTAURANT MUSIC 2025 🍽  chill covers & dinner songs,"Dine, mingle, lounge cocktails, beach bar, café, cooking… Set the background mood with relaxing bossa nova &amp; jazz versions of popular hits.",https://open.spotify.com/playlist/4lAmoS7H9HzPmelN7joKG6,Dancing In the Moonlight,Bossa Nova Covers,bossa nova,https://open.spotify.com/track/5MINUtX7hvYaaWwNRrp1hl,
restaurant,RESTAURANT MUSIC 2025 🍽  chill covers & dinner songs,"Dine, mingle, lounge cocktails, beach bar, café, cooking… Set the background mood with relaxing bossa nova &amp; jazz versions of popular hits.",https://open.spotify.com/playlist/4lAmoS7H9HzPmelN7joKG6,Sweet Child O' Mine,Bossa Nova Covers,bossa nova,https://open.spotify.com/track/2DHoF695nEPtbWMiqFeDTy,
restaurant,RESTAURANT MUSIC 2025 🍽  chill covers & dinner songs,"Dine, mingle, lounge cocktails, beach bar, café, cooking… Set the background mood with relaxing bossa nova &amp; jazz versions of popular hits.",https://open.spotify.com/playlist/4lAmoS7H9HzPmelN7joKG6,"Rocket Man (I Think It's Going To Be A Long, Long Time)",Junity,bossa nova,https://open.spotify.com/track/1OlxI4JNTDvYQRiC9P2rHg,
restaurant,Chill Restaurant & Bar Vibes ,Nice mixture of music from many time eras! Throw it on and enjoy some nice upbeat rhythms as well as some good ol’ classics!,https://open.spotify.com/playlist/2sGIMIAs9jAZDvxSfaHWwc,Let's Groove,"Earth, Wind & Fire",disco,https://open.spotify.com/track/3koCCeSaVUyrRo3N2gHrd8,
restaurant,Chill Restaurant & Bar Vibes ,Nice mixture of music from many time eras! Throw it on and enjoy some nice upbeat rhythms as well as some good ol’ classics!,https://open.spotify.com/playlist/2sGIMIAs9jAZDvxSfaHWwc,Blame It on the Boogie,The Jacksons,"disco, motown, philly soul",https://open.spotify.com/track/3qI94hINNNeb4S7xQi18lS,
restaurant,DINNER JAZZ 🍷 Instrumental Jazz & Bossa Nova (Restaurant Music),dinner music smooth jazz trio piano background elegant fancy cocktail cafe bar hotel lounge elevator romantic chill night relaxed evening ⚠️ NO SOCIAL MEDIA ACCOUNTS ASSOCIATED WITH THIS PROFILE. BEWARE OF SCAMS!,https://open.spotify.com/playlist/1AOMaSEZf0aChEOK6L5uI3,All of Me,New York Jazz Lounge,"jazz, jazz funk",https://open.spotify.com/track/6MnNrEq5rIjkyg6cQKVORz,dinner music smooth jazz trio piano background 
restaurant,Dinner Jazz in the Background,Relaxed Dinner Jazz for RESTAURANTS or at home- elevate your dining experience with carefully selected soft instrumental Jazz and Bossa Nova,https://open.spotify.com/playlist/7MoymFSafE84j9nsKeCbzt,The Illusion That Remains,Melanie Monsoon,free jazz,https://open.spotify.com/track/1IBmTD4zganEIyaoiQEUG7,soft instrumental Jazz and Bossa Nova
restaurant,Dinner Jazz in the Background,Relaxed Dinner Jazz for RESTAURANTS or at home- elevate your dining experience with carefully selected soft instrumental Jazz and Bossa Nova,https://open.spotify.com/playlist/7MoymFSafE84j9nsKeCbzt,Espresso in the Rain,Liza Pirelli Jazztet,free jazz,https://open.spotify.com/track/2sFwQSBfmlyT4TSyDNOigp,soft instrumental Jazz and Bossa Nova
restaurant,Dinner Jazz in the Background,Relaxed Dinner Jazz for RESTAURANTS or at home- elevate your dining experience with carefully selected soft instrumental Jazz and Bossa Nova,https://open.spotify.com/playlist/7MoymFSafE84j9nsKeCbzt,Last Laugh Before Sunrise,Severin Sparkle Quartet,free jazz,https://open.spotify.com/track/3IeuYtHqSOjbjS9Bx4YZ8n,soft instrumental Jazz and Bossa Nova
cafe 计数,,,,,,,4,
cafe,French Cafe Lounge,"The Official French Cafe Lounge Playlist - Over 250,000 followers and growing every day! Send requests to: kamdiba@gmail.com",https://open.spotify.com/playlist/3x6xRt9FnSbfPbgiO6incZ,On saura pas,Presque Oui,french jazz,https://open.spotify.com/track/252y7cLUYBijSJo1Qd8Yap,
cafe,Lofi Coffee Shop (Lo-Fi Café Morning),"Best LoFi to sip your morning coffee to..Morning wake up jazzhop music, eat breakfast, AM focus, lofi hip hop to relax, focus, wake up, chill lofi jazz cafe lounge instrumental music",https://open.spotify.com/playlist/7K6fVGUcL6ChCsRMJP4oOC,Coffee Break,BƱBBLE,"lo-fi, lo-fi beats",https://open.spotify.com/track/7KZSejc5H3a21QAIjBKFlT,"chill lofi jazz, instrumental music"
cafe,Lofi Coffee Shop (Lo-Fi Café Morning),"Best LoFi to sip your morning coffee to..Morning wake up jazzhop music, eat breakfast, AM focus, lofi hip hop to relax, focus, wake up, chill lofi jazz cafe lounge instrumental music",https://open.spotify.com/playlist/7K6fVGUcL6ChCsRMJP4oOC,Sunrays,BƱBBLE,"lo-fi, lo-fi beats",https://open.spotify.com/track/5UVS5fZH4SFiraXFjVsgQ8,"chill lofi jazz, instrumental music"
cafe,soft café jazz (study),cafe vibes ☕*° (picture is not mine!),https://open.spotify.com/playlist/35Bwn7Kd5pcwqrowHkzWPw,Calm Office,Cafe Music BGM channel,"jazz, bossa nova",https://open.spotify.com/track/3UovYeip7j9lFxk3PqJLPd,
coffee shop 计数,,,,,,,6,
coffee shop,Cozy Coffee Shop ☕ Jazz in the Background,Soft instrumental Jazz for all your activities.,https://open.spotify.com/playlist/5vVSfOsF8YRueAI1dOI0Lh,I Know Too Well,Cozy Coffee Shop,jazz,https://open.spotify.com/track/0ZdiEMOfe2BXtNV319E8He,Soft instrumental Jazz 
coffee shop,Cozy Coffee Shop ☕ Jazz in the Background,Soft instrumental Jazz for all your activities.,https://open.spotify.com/playlist/5vVSfOsF8YRueAI1dOI0Lh,Ludlow,James Jackson Jazz Trio,jazz,https://open.spotify.com/track/2EhrFpsVC4rkiCf86AeVdv,Soft instrumental Jazz 
coffee shop,Lofi Coffee Shop (Lo-Fi Café Morning),"Best LoFi to sip your morning coffee to..Morning wake up jazzhop music, eat breakfast, AM focus, lofi hip hop to relax, focus, wake up, chill lofi jazz cafe lounge instrumental music",https://open.spotify.com/playlist/7K6fVGUcL6ChCsRMJP4oOC,Coffee Break,BƱBBLE,"lo-fi, lo-fi beats",https://open.spotify.com/track/7KZSejc5H3a21QAIjBKFlT," jazzhop music, lofi hip hop, chill lofi jazz, instrumental music"
coffee shop,Instrumental Coffee House Background Jazz Music,"Smooth, relaxing, easy listening background jazz for your coffee shop, café, lounge, cocktail bar background, sophisticated classy restaurant, relaxed gathering or personal chillout. Calm, soothing and uplifting.",https://open.spotify.com/playlist/2U5T5LfIhSZracgViCXajl,Calm Sunday Breakfast,Sunday Morning Jazz,jazz house,https://open.spotify.com/track/7nYIDwjVoOxpvitUd1BvzI,"Smooth, relaxing, easy listening background jazz, lounge, cocktail bar background, Calm, soothing and uplifting."
coffee shop,Instrumental Coffee House Background Jazz Music,"Smooth, relaxing, easy listening background jazz for your coffee shop, café, lounge, cocktail bar background, sophisticated classy restaurant, relaxed gathering or personal chillout. Calm, soothing and uplifting.",https://open.spotify.com/playlist/2U5T5LfIhSZracgViCXajl,Smooth Vibes and OJ,Sunday Morning Jazz,jazz house,https://open.spotify.com/track/0VJjNaIWzdhOkuPR1rUmZ8,"Smooth, relaxing, easy listening background jazz, lounge, cocktail bar background, Calm, soothing and uplifting."
coffee shop,Instrumental Coffee House Background Jazz Music,"Smooth, relaxing, easy listening background jazz for your coffee shop, café, lounge, cocktail bar background, sophisticated classy restaurant, relaxed gathering or personal chillout. Calm, soothing and uplifting.",https://open.spotify.com/playlist/2U5T5LfIhSZracgViCXajl,At Table,Sunday Morning Jazz,jazz house,https://open.spotify.com/track/4TavHya5nWxQJatzXDHwDv,"Smooth, relaxing, easy listening background jazz, lounge, cocktail bar background, Calm, soothing and uplifting."
dining 计数,,,,,,,7,
dining,PIANO COVERS 2025 🎹 relaxing versions of popular songs,"Famous hits, peaceful songs, pop music in a peaceful mix of calming instrumental remakes",https://open.spotify.com/playlist/2dFYbLO2e91eiXispfv616,Fix You,David Schultz,christmas,https://open.spotify.com/track/5UVh8KvLkObml6Je0mkEeC,"Famous hits, peaceful songs, pop music in a peaceful mix of calming instrumental remakes"
dining,Dinner Jazz in the Background,Relaxed Dinner Jazz for RESTAURANTS or at home- elevate your dining experience with carefully selected soft instrumental Jazz and Bossa Nova,https://open.spotify.com/playlist/7MoymFSafE84j9nsKeCbzt,The Illusion That Remains,Melanie Monsoon,free jazz,https://open.spotify.com/track/1IBmTD4zganEIyaoiQEUG7,soft instrumental Jazz and Bossa Nova
dining,Dinner Jazz in the Background,Relaxed Dinner Jazz for RESTAURANTS or at home- elevate your dining experience with carefully selected soft instrumental Jazz and Bossa Nova,https://open.spotify.com/playlist/7MoymFSafE84j9nsKeCbzt,Espresso in the Rain,Liza Pirelli Jazztet,free jazz,https://open.spotify.com/track/2sFwQSBfmlyT4TSyDNOigp,soft instrumental Jazz and Bossa Nova
dining,Dinner Jazz in the Background,Relaxed Dinner Jazz for RESTAURANTS or at home- elevate your dining experience with carefully selected soft instrumental Jazz and Bossa Nova,https://open.spotify.com/playlist/7MoymFSafE84j9nsKeCbzt,Last Laugh Before Sunrise,Severin Sparkle Quartet,free jazz,https://open.spotify.com/track/3IeuYtHqSOjbjS9Bx4YZ8n,soft instrumental Jazz and Bossa Nova
dining,Marilag - Dionela | Tibok - Earl Agustin,"Marilag - Dionela + Sining + Oksihina , Tibok - Earl Agustin , Sa Bawat Sandali - Amiel Sol ",https://open.spotify.com/playlist/6QGML12ABD7URNJ4BYMoCb,Marilag,Dionela,"opm, pinoy r&b, p-pop, harana, pinoy hip hop",https://open.spotify.com/track/2zbq6eS68i4NIJWekIuW1s,
dining,Marilag - Dionela | Tibok - Earl Agustin,"Marilag - Dionela + Sining + Oksihina , Tibok - Earl Agustin , Sa Bawat Sandali - Amiel Sol ",https://open.spotify.com/playlist/6QGML12ABD7URNJ4BYMoCb,tell the world you're mine,Shawn DC,pinoy rock,https://open.spotify.com/track/2LL1CFrwt79XNcnTZlcDfA,
dining,Marilag - Dionela | Tibok - Earl Agustin,"Marilag - Dionela + Sining + Oksihina , Tibok - Earl Agustin , Sa Bawat Sandali - Amiel Sol ",https://open.spotify.com/playlist/6QGML12ABD7URNJ4BYMoCb,you will never be mine,Shawn DC,pinoy rock,https://open.spotify.com/track/7KskTp9hJvMYXXaJ0ROl0N,
bistro 计数,,,,,,,7,
bistro,FRENCH 🇨🇵 BISTRO,"Play it, close your eyes and feel the genuine French bistro mood!🥂🍾🍽🪗",https://open.spotify.com/playlist/2m4XOon17aWfQj4EKvj0Fm,La Foule,Édith Piaf,"chanson, variété française, french jazz",https://open.spotify.com/track/6cvIJ1zOcshUv0yCtcphaG,
bistro,Bistro Jazz,"Restaurants, cafes, jazz",https://open.spotify.com/playlist/3zvutrdCZPNkEkujzvjB9S,The Lamp Is Low,Bill Henderson,"vocal jazz, jazz",https://open.spotify.com/track/5uX2tP62XY3HYIZ8YUrrV4,
bistro,Restaurant Lounge,"Elegant and relaxing lounge music to enhance dining experiences, from cozy bistros to chic cafes or retaurants.",https://open.spotify.com/playlist/6wFW9UeLgD9ZSgScgTjWUG,Riptide,Nimus,tropical house,https://open.spotify.com/track/0hGTas3kfFmq3dhNYg1rxW,Elegant and relaxing lounge music
bistro,Restaurant Lounge,"Elegant and relaxing lounge music to enhance dining experiences, from cozy bistros to chic cafes or retaurants.",https://open.spotify.com/playlist/6wFW9UeLgD9ZSgScgTjWUG,Heat Waves,SRTW,tropical house,https://open.spotify.com/track/0293i16I2FR1k4MYDy5PE7,Elegant and relaxing lounge music
bistro,⊱  ۫ ׅ ✧ Nicole | Bistro Huddy,art by @theradioromeo on TikTok !! | girlboss,https://open.spotify.com/playlist/7x9AEJZAGnBqNaGrFvgZ22,Get Back,Britney Spears,pop,https://open.spotify.com/track/59Xb5YkZ1AFrMD19T6cKr8,
bistro,Bistro,"“sip, savor, and say oui to our Bistro”",https://open.spotify.com/playlist/4u0OABZYXNdcATXnATChJ9,Shooting Star,Richard In Your Mind,"psychedelic pop, psychedelic rock",https://open.spotify.com/track/22Sy52Bp632GdFIDeJXFC4,
bistro,Bistro Lounge Music,The Finest Chic &amp; Cool Tempo Tunes,https://open.spotify.com/playlist/2JzLoOu4gExwmjKngnLosR,I'm Yours,Jason Mraz,"soft pop, acoustic pop",https://open.spotify.com/track/1EzrEOXmMH3G43AXT1y7pA,Cool Tempo Tunes
bar 计数,,,,,,,9,
bar,BARRY WHITE'S GREATEST HITS.,The best of Barry White in one playlist.,https://open.spotify.com/playlist/6HQ8JIoNnAupZ3y1Ekkf55,"Can't Get Enough Of Your Love, Babe",Barry White,"disco, soul, quiet storm, philly soul",https://open.spotify.com/track/3mWpUEBYnv9SIFWfixSJFx,
bar,BARRY WHITE'S GREATEST HITS.,The best of Barry White in one playlist.,https://open.spotify.com/playlist/6HQ8JIoNnAupZ3y1Ekkf55,Let The Music Play - Single Version,Barry White,"disco, soul, quiet storm, philly soul",https://open.spotify.com/track/75pBjCi8cxfkp4xd68uo6O,
bar,BARRY WHITE'S GREATEST HITS.,The best of Barry White in one playlist.,https://open.spotify.com/playlist/6HQ8JIoNnAupZ3y1Ekkf55,"You're The First, The Last, My Everything",Barry White,"disco, soul, quiet storm, philly soul",https://open.spotify.com/track/5dXJ1SoksFkgdx3yxIoYNO,
bar,lofi Jazz Cafe 🎷Study Beats & Chill Vibes,Jazzy lo-fi hip hop dinner lounge music bar instrumental covers low-fi study adhd focus chillhop new Jazzhop 2025 lowfi chilled winter nights sleep  💤,https://open.spotify.com/playlist/2Al9G2jrWkwDlRFMZaw1GX,Get Together,Phlocalyst,"lo-fi, lo-fi beats, jazz beats",https://open.spotify.com/track/7nNck2PhET9OK7epBKwhHz,"Jazzy lo-fi hip hop,  instrumental"
bar,lofi Jazz Cafe 🎷Study Beats & Chill Vibes,"Jazzy lo-fi hip hop,  instrumental",https://open.spotify.com/playlist/2Al9G2jrWkwDlRFMZaw1GX,Zealous,Hewie Lou,"lo-fi beats, lo-fi",https://open.spotify.com/track/2bCj6NiPvikQpQ0CoKqWyQ,"Jazzy lo-fi hip hop,  instrumental"
bar,lofi Jazz Cafe 🎷Study Beats & Chill Vibes,Jazzy lo-fi hip hop dinner lounge music bar instrumental covers low-fi study adhd focus chillhop new Jazzhop 2025 lowfi chilled winter nights sleep  💤,https://open.spotify.com/playlist/2Al9G2jrWkwDlRFMZaw1GX,Night Tale,Shin-Ski,"jazz beats, jazz rap, lo-fi, lo-fi beats",https://open.spotify.com/track/33VrKSlFyLgSAgbGzs4HYu,"Jazzy lo-fi hip hop,  instrumental"
bar,Barbra Streisand Greatest Hits,Feel the power and beauty of her alluring voice with this selection of signature classics.,https://open.spotify.com/playlist/13a5CwC9hTpCXE91wJxasN,The Love Inside,Barbra Streisand,adult standards,https://open.spotify.com/track/6KtMVux8CdcmNNICOx5soh,"alluring voice, signature classics."
bar,Barbra Streisand Greatest Hits,Feel the power and beauty of her alluring voice with this selection of signature classics.,https://open.spotify.com/playlist/13a5CwC9hTpCXE91wJxasN,Guilty (feat. Barry Gibb),Barbra Streisand,adult standards,https://open.spotify.com/track/60mGckXEG1EzR4VmjYLfEW,"alluring voice, signature classics."
bar,Barbra Streisand Greatest Hits,Feel the power and beauty of her alluring voice with this selection of signature classics.,https://open.spotify.com/playlist/13a5CwC9hTpCXE91wJxasN,My Heart Belongs to Me,Barbra Streisand,adult standards,https://open.spotify.com/track/7u2FvRYl39hmNHklBlsjkm,"alluring voice, signature classics."
sushi bar 计数,,,,,,,14,
sushi bar,Sushi Lounge 🍣 Chill Background Music,Lounge music for your Sushi Night 🍣 Sushi Date - Sushi Restaurant - Dinner - Sushi Nights - Sushi Bar,https://open.spotify.com/playlist/4YsZ5hHBWeCLgjquivdB1O,Beautiful Things,Mecdoux,lounge,https://open.spotify.com/track/3xHKRoHhGEFFomtkSPHsUH,Lounge music 
sushi bar,Sushi Lounge 🍣 Chill Background Music,Lounge music for your Sushi Night 🍣 Sushi Date - Sushi Restaurant - Dinner - Sushi Nights - Sushi Bar,https://open.spotify.com/playlist/4YsZ5hHBWeCLgjquivdB1O,Sunset Lovers,Thierry Von Der Warth,tropical house,https://open.spotify.com/track/1x7NAvqHgCvhV549ls0FTE,Lounge music 
sushi bar,Sushi Lounge Restaurant ,Updated weekly with the hits of the moment: Lounge - Chill Out - Pop Music | Lounge Restaurant - Sushi Club - Soft Sound - Relax Mood - Ristorante Lounge - Aperitif Time - Aperitivo Lounge - Cocktail Party - Lounge Bar ,https://open.spotify.com/playlist/12ygetWhkGraQJXNHV0ZCr,Solfa (Tila),Francis Mercier,"afro house, melodic house, latin house, tribal house, house",https://open.spotify.com/track/0UjVEZKFVuWOiQwsrikOoP,"Lounge,  Pop Music "
sushi bar,Sushi Lounge Restaurant ,Updated weekly with the hits of the moment: Lounge - Chill Out - Pop Music | Lounge Restaurant - Sushi Club - Soft Sound - Relax Mood - Ristorante Lounge - Aperitif Time - Aperitivo Lounge - Cocktail Party - Lounge Bar ,https://open.spotify.com/playlist/12ygetWhkGraQJXNHV0ZCr,Location,Zerb,afro house,https://open.spotify.com/track/6Ilomcr9iLplsgAvZjHkJP,"Lounge,  Pop Music "
sushi bar,Sushi Lounge Restaurant ,Updated weekly with the hits of the moment: Lounge - Chill Out - Pop Music | Lounge Restaurant - Sushi Club - Soft Sound - Relax Mood - Ristorante Lounge - Aperitif Time - Aperitivo Lounge - Cocktail Party - Lounge Bar ,https://open.spotify.com/playlist/12ygetWhkGraQJXNHV0ZCr,Where Did You Go,Lavern,stutter house,https://open.spotify.com/track/2uSzybi2WiQq53sV4YP0L5,"Lounge,  Pop Music "
sushi bar,jazz bar in nyc🎷,one day I will visit a jazz bar and do nothing but listen… like the movies🎷,https://open.spotify.com/playlist/26Zi3qLKC9cAWDs7wbbSzc,But Not For Me - Vocal Version,Chet Baker,"jazz, cool jazz, vocal jazz",https://open.spotify.com/track/3pfbQmD5xGH9Tcc7GqGfSL,
sushi bar,jazz bar in nyc🎷,one day I will visit a jazz bar and do nothing but listen… like the movies🎷,https://open.spotify.com/playlist/26Zi3qLKC9cAWDs7wbbSzc,Solitude,Billie Holiday,"jazz, vocal jazz, jazz blues, big band",https://open.spotify.com/track/30QD4VRP9yEneOh0eGTrtJ,
sushi bar,jazz bar in nyc🎷,one day I will visit a jazz bar and do nothing but listen… like the movies🎷,https://open.spotify.com/playlist/26Zi3qLKC9cAWDs7wbbSzc,I'm In The Mood For Love,Julie London,"vocal jazz, jazz",https://open.spotify.com/track/6crfO56bDm0RjpctUuGs5X,
sushi bar,The Sushi Bar Mix,Safe for work playlist mix,https://open.spotify.com/playlist/7KPufkmAmH7u7d2G3enPSg,Sweet Venom,ENHYPEN,k-pop,https://open.spotify.com/track/2YmfV4lAjrAQvuggKCUX6m,
sushi bar,The Sushi Bar Mix,Safe for work playlist mix,https://open.spotify.com/playlist/7KPufkmAmH7u7d2G3enPSg,FEVER,ENHYPEN,k-pop,https://open.spotify.com/track/0UzymivvUH5s8z4PeWZJaK,
sushi bar,The Sushi Bar Mix,Safe for work playlist mix,https://open.spotify.com/playlist/7KPufkmAmH7u7d2G3enPSg,Bite Me,ENHYPEN,k-pop,https://open.spotify.com/track/7mpdNiaQvygj2rHoxkzMfa,
sushi bar,Oishi Sushi Bar 2023,Un restaurante nikkei transmitiendo sensaciones con todos los sentidos.,https://open.spotify.com/playlist/114CvqKLZqpZcctsScGr8G,Todo De Ti,Rauw Alejandro,"reggaeton, urbano latino, trap latino, latin",https://open.spotify.com/track/3rdAz1fbUfZxYgaCviYhRo,
sushi bar,Oishi Sushi Bar 2023,Un restaurante nikkei transmitiendo sensaciones con todos los sentidos.,https://open.spotify.com/playlist/114CvqKLZqpZcctsScGr8G,Pareja Del Año,Sebastian Yatra,"colombian pop, reggaeton, latin",https://open.spotify.com/track/2rCbl9naJYhaxjLsfx88uM,
sushi bar,Oishi Sushi Bar 2023,Un restaurante nikkei transmitiendo sensaciones con todos los sentidos.,https://open.spotify.com/playlist/114CvqKLZqpZcctsScGr8G,Sobrio,Maluma,"reggaeton, latin, urbano latino",https://open.spotify.com/track/4HzqWEdAbzcVFDv0pvxV4w,
izakaya 计数,,,,,,,16,
izakaya,Japanese Izakaya Sake Bar,Sake night music at an Izakaya in Osaka.,https://open.spotify.com/playlist/7bRB4CMZvqeaaMzVL6j8EW,ブリーズ,稲垣次郎とソウル・メディア,"jazz fusion, jazz funk, jazz",https://open.spotify.com/track/2llFlNkPX4hW1M3HLdEMBm,
izakaya,Japanese Izakaya Sake Bar,Sake night music at an Izakaya in Osaka.,https://open.spotify.com/playlist/7bRB4CMZvqeaaMzVL6j8EW,ビリンバウ,Hiromitsu Agatsuma,"japanese classical, traditional music",https://open.spotify.com/track/364BA7lvmGQ5MPiRI5gaNc,
izakaya,Japanese Izakaya Sake Bar,Sake night music at an Izakaya in Osaka.,https://open.spotify.com/playlist/7bRB4CMZvqeaaMzVL6j8EW,Edo,iwamizu,jazz beats,https://open.spotify.com/track/7r2vvsMQYowwVrQp4lHKAG,
izakaya,Izakaya Japanese Cuisine,"Playlist of Izakaya Japanese Cuisine , Porto",https://open.spotify.com/playlist/3HTLBM4kAZuo7ineA4mfSy,Night over Manaus,Boozoo Bajou,"downtempo, nu jazz, trip hop, acid jazz, lounge",https://open.spotify.com/track/23jbfWs739EBZEl4xWYiVl,
izakaya,Izakaya Japanese Cuisine,"Playlist of Izakaya Japanese Cuisine , Porto",https://open.spotify.com/playlist/3HTLBM4kAZuo7ineA4mfSy,So Flute,St Germain,"jazz house, nu jazz, acid jazz, downtempo, lounge",https://open.spotify.com/track/1XAzFYJR94m9T4AgshhO99,
izakaya,Izakaya Japanese Cuisine,"Playlist of Izakaya Japanese Cuisine , Porto",https://open.spotify.com/playlist/3HTLBM4kAZuo7ineA4mfSy,Seize The Day,Wax Tailor,"trip hop, downtempo, electro swing, nu jazz",https://open.spotify.com/track/04rz2UaJqbK4aUs7TSk7Sw,
izakaya,Izakaya Nights : jazz hop,Genre: jazz hop 🥃 Insta.: @IzakayaNights for updates and artist social media.,https://open.spotify.com/playlist/0OrfrRLvroCyw8kNOV09Sr,Rainfall,Maxgonz,"jazz rap, jazz beats, lo-fi beats",https://open.spotify.com/track/07pzjeYhYHtH46ubD7u2av,jazz hop
izakaya,Izakaya Nights : jazz hop,Genre: jazz hop 🥃 Insta.: @IzakayaNights for updates and artist social media.,https://open.spotify.com/playlist/0OrfrRLvroCyw8kNOV09Sr,Blue Avenue,Jazz Liberatorz,"jazz rap, nu jazz, jazz beats",https://open.spotify.com/track/50e8KL7TnyNKLaWfCSr0xf,jazz hop
izakaya,Tatsu Izakaya 🏮 ,"Tatsu Izakaya&#x27;s offical playlist. Come join us for some for some sushi and ramen! Location: 2022 S University Blvd Denver CO, 80210",https://open.spotify.com/playlist/6vyNQ3WYH9obyBAfOVyUM1,Kaikai Kitan,Eve,"anime, j-pop, j-rock, vocaloid, japanese indie",https://open.spotify.com/track/6y4GYuZszeXNOXuBFsJlos,
izakaya,Tatsu Izakaya 🏮 ,"Tatsu Izakaya&#x27;s offical playlist. Come join us for some for some sushi and ramen! Location: 2022 S University Blvd Denver CO, 80210",https://open.spotify.com/playlist/6vyNQ3WYH9obyBAfOVyUM1,Shangri-La,SPEECHLESS,"lo-fi, lo-fi beats",https://open.spotify.com/track/7zSK6bhZumwZxkt1GP7WGo,
izakaya,Tatsu Izakaya 🏮 ,"Tatsu Izakaya&#x27;s offical playlist. Come join us for some for some sushi and ramen! Location: 2022 S University Blvd Denver CO, 80210",https://open.spotify.com/playlist/6vyNQ3WYH9obyBAfOVyUM1,veil,須田景凪,"anime, j-pop, j-rock",https://open.spotify.com/track/1QkEUbGSlp70DYNFcxcxYI,
izakaya,Kuzu Izakaya Woodend,Bring the Kuzu vibe to your own home. Visit www.kuzu.com.au,https://open.spotify.com/playlist/1uRycn5cvR73erB82exbOo,Well Run Dry,Phat Phunktion,"jazz funk, funk rock, acid jazz, funk",https://open.spotify.com/track/0dlfcbC2ecv3RS94noopTd,
izakaya,Kuzu Izakaya Woodend,Bring the Kuzu vibe to your own home. Visit www.kuzu.com.au,https://open.spotify.com/playlist/1uRycn5cvR73erB82exbOo,Pass The Peas,The J.B.'s,"funk, soul",https://open.spotify.com/track/62rSpnxXl2lXDevp1z583x,
izakaya,Kuzu Izakaya Woodend,Bring the Kuzu vibe to your own home. Visit www.kuzu.com.au,https://open.spotify.com/playlist/1uRycn5cvR73erB82exbOo,Chicken,Maceo Parker,"jazz funk, soul jazz, acid jazz, jazz blues",https://open.spotify.com/track/1RTnm3X7m7ugfVYIDIlAho,
izakaya,Izakaya Nights : chill hop,Genre: chill hop 🗻 Insta.: @IzakayaNights for updates and artist social media. [📸 by Li Hui],https://open.spotify.com/playlist/2TgvOY3iUgIZUnCMQe5gVh,..Ravenous..,STRAANGE,chill hop,https://open.spotify.com/track/5Q9Ob3O8LsBzxOlchCS0vN,
izakaya,Izakaya Nights : chill hop,Genre: chill hop 🗻 Insta.: @IzakayaNights for updates and artist social media. [📸 by Li Hui],https://open.spotify.com/playlist/2TgvOY3iUgIZUnCMQe5gVh,HiFi,Dil Withers,chill hop,https://open.spotify.com/track/2TNqKqh1Es7FPujetzCkZX,
Vegan Restaurant 计数,,,,,,,10,
Vegan Restaurant,good afternoon,"Fully inspired by my Maya. Dif vibe this time, it’s kind of like millennial-run, chill vegan restaurant",https://open.spotify.com/playlist/33oa95ATRtkNhApnTwVX7e,Sea Gets Hotter,Durand Jones & The Indications,retro soul,https://open.spotify.com/track/5ZK62nSchTamBy8F6HIZov,
Vegan Restaurant,Epic Dining,Actively curated playlist inspired by dinner music heard at the fabulous Epic vegan restaurant in Cabo San Lucas. (Mostly electro-bossa mixed with select tracks.),https://open.spotify.com/playlist/1O0QoatngS8XFBo7wjHDoN,Samba da Bencao,Gabrielle Chiararo,"bossa nova, lounge",https://open.spotify.com/track/1GHGF9hEwJLme7S9w1pqsK,dinner music
Vegan Restaurant,Epic Dining,Actively curated playlist inspired by dinner music heard at the fabulous Epic vegan restaurant in Cabo San Lucas. (Mostly electro-bossa mixed with select tracks.),https://open.spotify.com/playlist/1O0QoatngS8XFBo7wjHDoN,Acontece,Adriana Maciel,"nova mpb, bossa nova, mpb",https://open.spotify.com/track/2ojXYXzJv3nL4ikeXlw8IH,dinner music
Vegan Restaurant,Veganees,De lekkerste funky plaatjes van restaurant Veganees!,https://open.spotify.com/playlist/59cEH2yd630SKw4J6Af3jK,Rebel Rebel - 2016 Remaster,David Bowie,"glam rock, art rock",https://open.spotify.com/track/2EC9IJj7g0mN1Q5VrZkiYY,
Vegan Restaurant,Veganees,De lekkerste funky plaatjes van restaurant Veganees!,https://open.spotify.com/playlist/59cEH2yd630SKw4J6Af3jK,Heroes - 2017 Remaster,David Bowie,"glam rock, art rock",https://open.spotify.com/track/7Jh1bpe76CNTCgdgAdBw4Z,
Vegan Restaurant,vegan house party,hip restaurant or banging night out?,https://open.spotify.com/playlist/6284aVoJnS30yhhrqq0Fzy,Tondo,Disclosure,house,https://open.spotify.com/track/0csz09qS2n8Jo7LogHKu7j,
Vegan Restaurant,vegan house party,hip restaurant or banging night out?,https://open.spotify.com/playlist/6284aVoJnS30yhhrqq0Fzy,Poison,Klaus Veen,"rally house, house",https://open.spotify.com/track/4kdnniHBTCnzaYXrnsweSf,
Vegan Restaurant,german vintage,"berlin , mate , kiosk im park , aperol spritz , döner , adidas superstars , vegane restaurants , mullet ",https://open.spotify.com/playlist/3YxPNKJ7yByXz7jNeiUbFR,nicht nachmachen!!,Ski Aggu,german hip hop,https://open.spotify.com/track/3gro2tfkybWGoK9MflVLWs,
Vegan Restaurant,german vintage,"berlin , mate , kiosk im park , aperol spritz , döner , adidas superstars , vegane restaurants , mullet ",https://open.spotify.com/playlist/3YxPNKJ7yByXz7jNeiUbFR,Party Sahne,Ski Aggu,german hip hop,https://open.spotify.com/track/2hFOXN8Eq2gXIGGMIdHdWJ,
Vegan Restaurant,german vintage,"berlin , mate , kiosk im park , aperol spritz , döner , adidas superstars , vegane restaurants , mullet ",https://open.spotify.com/playlist/3YxPNKJ7yByXz7jNeiUbFR,Anders,1099,german hip hop,https://open.spotify.com/track/5TYmnScjaRecWuBqEaA7S5,
buffet restaurant 计数,,,,,,,11,
buffet restaurant,Brasserie & Bistro - Musique de fond,"Lounge background music playlist for restaurants and pubs. Lofijazz, jazzhop, chillbeats, lofibeata, lofi bests. Easting and drinking buffet. Gourmet food.",https://open.spotify.com/playlist/2HXs3zPzjH7GxlvSXbqI6V,Soul Mates,Smoke Room Quartet,smooth jazz,https://open.spotify.com/track/5MnT6uiAJXOo58xdDVmbD2,"Lofijazz, jazzhop, chillbeats, lofibeata, lofi bests."
buffet restaurant,Brasserie & Bistro - Musique de fond,"Lounge background music playlist for restaurants and pubs. Lofijazz, jazzhop, chillbeats, lofibeata, lofi bests. Easting and drinking buffet. Gourmet food.",https://open.spotify.com/playlist/2HXs3zPzjH7GxlvSXbqI6V,paintings,Rytmdesign,jazz beats,https://open.spotify.com/track/7pYlHQAyOlKV3GtWE2yFv6,"Lofijazz, jazzhop, chillbeats, lofibeata, lofi bests."
buffet restaurant,Brasserie & Bistro - Musique de fond,"Lounge background music playlist for restaurants and pubs. Lofijazz, jazzhop, chillbeats, lofibeata, lofi bests. Easting and drinking buffet. Gourmet food.",https://open.spotify.com/playlist/2HXs3zPzjH7GxlvSXbqI6V,"Work Hard, Party Harder",Sötma,jazz beats,https://open.spotify.com/track/2D1bnBJu7CQ3brEfNVrp9h,"Lofijazz, jazzhop, chillbeats, lofibeata, lofi bests."
buffet restaurant,SH@Villita Pop (español)," pop, Las canciones tienen un tono alegre y positivo",https://open.spotify.com/playlist/1PmW2EjpHts7lTaySXBVSR,Despacito,Luis Fonsi,latin,https://open.spotify.com/track/6habFhsOp2NvshLv26DqMb," pop, Las canciones tienen un tono alegre y positivo"
buffet restaurant,SH@Villita Pop (español)," pop en español que podrían ser perfectas para un ambiente familiar en un restaurante buffet. Las canciones tienen un tono alegre y positivo, ideal para acompañar una comida relajada y disfrutar en familia. La lista incluye éxitos recientes y clásicos que encajan bien con el ambiente.",https://open.spotify.com/playlist/1PmW2EjpHts7lTaySXBVSR,La La La (Brasil 2014) (feat. Carlinhos Brown),Shakira,"latin pop, latin",https://open.spotify.com/track/6i2kn3iS5WKzsaYBdeHLIQ," pop, Las canciones tienen un tono alegre y positivo"
buffet restaurant,SH@Villita Pop (español)," pop en español que podrían ser perfectas para un ambiente familiar en un restaurante buffet. Las canciones tienen un tono alegre y positivo, ideal para acompañar una comida relajada y disfrutar en familia. La lista incluye éxitos recientes y clásicos que encajan bien con el ambiente.",https://open.spotify.com/playlist/1PmW2EjpHts7lTaySXBVSR,La Bicicleta,Carlos Vives,"colombian pop, vallenato, latin, latin pop",https://open.spotify.com/track/0Gx4VrHzS7pZOEAGrmXXBH," pop, Las canciones tienen un tono alegre y positivo"
buffet restaurant,what it sounded like in Tanzania ,in that stunning buffet restaurant with food that tasted like heaven ,https://open.spotify.com/playlist/3jbvHdfCwis1fxqkkalLjN,Slim Pickings,Izo FitzRoy,retro soul,https://open.spotify.com/track/3XGP58sVUp4ivm3X2Ym1Vn,
buffet restaurant,what it sounded like in Tanzania ,in that stunning buffet restaurant with food that tasted like heaven ,https://open.spotify.com/playlist/3jbvHdfCwis1fxqkkalLjN,Move Along,LOU'ANA,nu disco,https://open.spotify.com/track/3qw1gJ6PHOTTLJuumrDBWo,
buffet restaurant,what it sounded like in Tanzania ,in that stunning buffet restaurant with food that tasted like heaven ,https://open.spotify.com/playlist/3jbvHdfCwis1fxqkkalLjN,Blow My Mind - Remix,S-Tone Inc,"acid jazz, nu jazz, lounge, bossa nova",https://open.spotify.com/track/2WPrYKUSvjQQKXMLn5ON4T,
buffet restaurant,Chill Restaurant & Bar Vibes ,Nice mixture of music from many time eras! Throw it on and enjoy some nice upbeat rhythms as well as some good ol’ classics!,https://open.spotify.com/playlist/2sGIMIAs9jAZDvxSfaHWwc,Let's Groove,"Earth, Wind & Fire",disco,https://open.spotify.com/track/3koCCeSaVUyrRo3N2gHrd8,upbeat rhythms
buffet restaurant,Chill Restaurant & Bar Vibes ,Nice mixture of music from many time eras! Throw it on and enjoy some nice upbeat rhythms as well as some good ol’ classics!,https://open.spotify.com/playlist/2sGIMIAs9jAZDvxSfaHWwc,Blame It on the Boogie,The Jacksons,"disco, motown, philly soul",https://open.spotify.com/track/3qI94hINNNeb4S7xQi18lS,upbeat rhythms
seafood restaurant 计数,,,,,,,12,
seafood restaurant,seafood restaurant vibes ,aka reggae but uhhh- (3 year update:) when tf did ppl start saving this wtf,https://open.spotify.com/playlist/6HMRDR5wwpRKw7Eq1fPlJ0,Under the Boardwalk,The Drifters,"doo-wop, motown",https://open.spotify.com/track/65jrjEhWfAvysKfnojk1i0,
seafood restaurant,seafood restaurant vibes ,aka reggae but uhhh- (3 year update:) when tf did ppl start saving this wtf,https://open.spotify.com/playlist/6HMRDR5wwpRKw7Eq1fPlJ0,Pirate,The Ethiopians,"rocksteady, ska, reggae, roots reggae, dub",https://open.spotify.com/track/4E4WIb8yqs5jHMVAaVIOfc,
seafood restaurant,Yacht rock,the soundtrack of any seafood restaurant.,https://open.spotify.com/playlist/4f7LQXvrRZ2ampxZy5uTOo,Dreams - 2004 Remaster,Fleetwood Mac,"classic rock, soft rock",https://open.spotify.com/track/0ofHAoxe9vBkTCp2UQIavz,
seafood restaurant,Yacht rock,the soundtrack of any seafood restaurant.,https://open.spotify.com/playlist/4f7LQXvrRZ2ampxZy5uTOo,Gypsy,Fleetwood Mac,"classic rock, soft rock",https://open.spotify.com/track/19Ym5Sg0YyOCa6ao21bdoG,
seafood restaurant,Yacht rock,the soundtrack of any seafood restaurant.,https://open.spotify.com/playlist/4f7LQXvrRZ2ampxZy5uTOo,Rhiannon,Fleetwood Mac,"classic rock, soft rock",https://open.spotify.com/track/05oETzWbd4SI33qK2gbJfR,
seafood restaurant,BISTRO ORGANICO DINNER,"Bistro Orgánico - within hotelcielororjo.com -  is a plant and seafood based restaurant that celebrates fresh local flavors. We strive to create an entirely organic menu and environment that supports health and sustainability for you, our community and the planet. ",https://open.spotify.com/playlist/5sv1Wt1Vm2YXUAFDnvWKDQ,Make Me Wanna Holla,Get Down Edits,nu disco,https://open.spotify.com/track/2J6QeBYm6U98WkiMs5Z2cU,
seafood restaurant,Chef Tony's Seafood Restaurants,http:&#x2F;&#x2F;www.ChefTonysSeafood.com,https://open.spotify.com/playlist/5m6KN5UtdbOyXJ5xC4Xc4S,Perfect Symphony (Ed Sheeran & Andrea Bocelli),Ed Sheeran,soft pop,https://open.spotify.com/track/3zl7j5ua8mF4JDYuxrfo01,
seafood restaurant,Chef Tony's Seafood Restaurants,http:&#x2F;&#x2F;www.ChefTonysSeafood.com,https://open.spotify.com/playlist/5m6KN5UtdbOyXJ5xC4Xc4S,Vivo per lei,Andrea Bocelli,opera,https://open.spotify.com/track/6cPLCU7hKjgjvLWzCevl7R,
seafood restaurant,Florida Seafood Restaurant,"Some easy-going music that would go well with a nautical backdrop, palm trees, a sex-on-the-beach, and crab cakes",https://open.spotify.com/playlist/2KVEcwmnsjygevEMMAT1HN,FloriDada,Animal Collective,"psychedelic pop, indie rock",https://open.spotify.com/track/26WNKAgxNfg1MkhpBrx8UV,easy-going music
seafood restaurant,Restaurante BAI180  SeaFood  Barbecue ,"Palylista do  Restaurante Bai180  , SÃO PAULO ",https://open.spotify.com/playlist/4U7DZ28BESFjf6gyllYGrH,Give Me One Reason,Tom & Collins,"latin house, tribal house, tech house",https://open.spotify.com/track/2v9D4gQDEptVIvF96NSmD9,
seafood restaurant,Restaurante BAI180  SeaFood  Barbecue ,"Palylista do  Restaurante Bai180  , SÃO PAULO ",https://open.spotify.com/playlist/4U7DZ28BESFjf6gyllYGrH,New Mexican - Crazibiza Remix,Samuel Galvagno,"latin house, tribal house",https://open.spotify.com/track/2rYG4b9idw4qq6iugpPbbK,
seafood restaurant,Restaurante BAI180  SeaFood  Barbecue ,"Palylista do  Restaurante Bai180  , SÃO PAULO ",https://open.spotify.com/playlist/4U7DZ28BESFjf6gyllYGrH,Paradiso Erotica,MAXI MERAKI,"afro house, melodic house, organic house",https://open.spotify.com/track/2husy9qLOLWom5uAb61dxv,
hamburger 计数,,,,,,,9,
hamburger,BURGER KING 🍔 ,Enjoy your meal with a side of great tunes! This Burger King playlist serves up a delicious mix of feel-good beats and upbeat tracks,https://open.spotify.com/playlist/4rkTGhjRshHZBGOeatFzad,Crazy (Oh My My),Solven,"tropical house, deep house",https://open.spotify.com/track/4y0iOAMqE9SN3tTHKgvm3U,feel-good beats and upbeat tracks
hamburger,Hamburger helper ,"1 pound of hamburger, 100% deliciousness",https://open.spotify.com/playlist/2UBBIwtV5OeTbUFntptNDS,Who's Crying Now (2022 Remaster),Journey,"album rock, classic rock",https://open.spotify.com/track/4KWzsYmXYYbTjb4tYxulvd,
hamburger,Soundtrack to the Vietnam War ,"Full Metal Jacket, Platoon, Hamburger Hill, Air America, Good Morning Vietnam, Born on the Fourth of July, Apocalypse Now, The Deer Hunter",https://open.spotify.com/playlist/6mTiUxWNGvG4IirLpYXac8,"Paint It, Black",The Rolling Stones,"classic rock, rock",https://open.spotify.com/track/63T7DJ1AFDD6Bn8VzG6JE8,
hamburger,"Weird,disturbing,terrifying music",This sht makes me feel like I stepped in to a small cramped liminal space with no escape.,https://open.spotify.com/playlist/2p5O2mrE0zoPAIjLHclGK4,Breath and Length,The Residents,"avant-garde, experimental, art pop, art rock, post-punk",https://open.spotify.com/track/3lppL2WmEFe5OXvrfko7zy,
hamburger,"Weird,disturbing,terrifying music",This sht makes me feel like I stepped in to a small cramped liminal space with no escape.,https://open.spotify.com/playlist/2p5O2mrE0zoPAIjLHclGK4,Frankie Teardrop - 2019 - Remaster,Suicide,"proto-punk, post-punk, krautrock",https://open.spotify.com/track/2vQRkj2kMwoHKLzxXNsj2h,
hamburger,"Weird,disturbing,terrifying music",This sht makes me feel like I stepped in to a small cramped liminal space with no escape.,https://open.spotify.com/playlist/2p5O2mrE0zoPAIjLHclGK4,Fitter Happier,Radiohead,"art rock, alternative rock",https://open.spotify.com/track/53aFGAl0Vebwp2bo8wtdWR,
hamburger,Freak fest,Steve hamburger,https://open.spotify.com/playlist/4yL6lDSPWIH3OoKcpxXVM3,It's Going Down Now,高橋あず美,japanese vgm,https://open.spotify.com/track/3znIACSXPLn3HFCf7moZ28,
hamburger,Freak fest,Steve hamburger,https://open.spotify.com/playlist/4yL6lDSPWIH3OoKcpxXVM3,ワールドイズマイン-初音ミク「マジカルミライ 2021」Live- (feat. 初音ミク),ryo (supercell),"vocaloid, anime",https://open.spotify.com/track/29rRca4BXxuUCNmcCzHvtl,
hamburger,Freak fest,Steve hamburger,https://open.spotify.com/playlist/4yL6lDSPWIH3OoKcpxXVM3,Lucid Dreams,Juice WRLD,"melodic rap, emo rap",https://open.spotify.com/track/285pBltuF7vW8TeWk8hdRR,
fast food restaurant 计数,,,,,,,8,
fast food restaurant,Music for Fast Food Restaurants - Jukeboxy,"This shuffled playlist offers a diverse listening experience with songs from different decades, making it perfect for fast food restaurants looking to create an energetic yet varied atmosphere for their customers.",https://open.spotify.com/playlist/0RiVkqglSB8jIFYaLkFFGe,Don't Stop Me Now - Remastered 2011,Queen,"classic rock, rock, glam rock",https://open.spotify.com/track/5T8EDUDqKcs6OSOwEsfqG7,an energetic yet varied atmosphere
fast food restaurant,Music for Fast Food Restaurants - Jukeboxy,"This shuffled playlist offers a diverse listening experience with songs from different decades, making it perfect for fast food restaurants looking to create an energetic yet varied atmosphere for their customers.",https://open.spotify.com/playlist/0RiVkqglSB8jIFYaLkFFGe,Dynamite,BTS,k-pop,https://open.spotify.com/track/72IwoG8tqvIWV10IHjpNNA,
fast food restaurant,Music for Fast Food Restaurants - Jukeboxy,"This shuffled playlist offers a diverse listening experience with songs from different decades, making it perfect for fast food restaurants looking to create an energetic yet varied atmosphere for their customers.",https://open.spotify.com/playlist/0RiVkqglSB8jIFYaLkFFGe,ABC,The Jackson 5,"motown, christmas",https://open.spotify.com/track/2VCUcIPY3i6pv9Nu9Vg6k3,
fast food restaurant,🍔 McDonald's 🍟 Music Playlist • Fast Food Restaurant Music • Burger King ▷ Wendy's ▷ Subway ▷ KFC,"The best music played on the most famous Fast Food Restaurants around the world. McDonald's, Burger King, Wendy's, Starbucks, TacoBell, Subway, Kentucky Fried Chicken.",https://open.spotify.com/playlist/6oJtGZfZzgbCIHZ6TwcvcA,Wearing My Shield,VEGEE CAU,progressive house,https://open.spotify.com/track/57lDuyJAaDZPR9BLztbtaz,
fast food restaurant,🍔 McDonald's 🍟 Music Playlist • Fast Food Restaurant Music • Burger King ▷ Wendy's ▷ Subway ▷ KFC,"The best music played on the most famous Fast Food Restaurants around the world. McDonald's, Burger King, Wendy's, Starbucks, TacoBell, Subway, Kentucky Fried Chicken.",https://open.spotify.com/playlist/6oJtGZfZzgbCIHZ6TwcvcA,We Got Love,Lizzi From Paris,tech house,https://open.spotify.com/track/7udOtuChjaUH4CbNTJ9tCn,
fast food restaurant,Restaurante,"Sistema Completo PDV com Pagamento Eletrônico Integrado. Ideal para restaurantes fast-food, bares, cafés, sorveterias, food-trucks. Taxas baixas. Integrado com Apps. Menu com Fotos. Agilize seu Atendimento. WhatsApp (35)99146-9739 ou&#x2F;e (11)97708-6182",https://open.spotify.com/playlist/3tQTQulzKHvqSVwcGF9xhM,Tangerina - Ao Vivo,TIAGO IORC,"mpb, nova mpb, brazilian pop",https://open.spotify.com/track/6TDPTk5c9r1aAaLEILqNmA,
fast food restaurant,Restaurante,"Sistema Completo PDV com Pagamento Eletrônico Integrado. Ideal para restaurantes fast-food, bares, cafés, sorveterias, food-trucks. Taxas baixas. Integrado com Apps. Menu com Fotos. Agilize seu Atendimento. WhatsApp (35)99146-9739 ou&#x2F;e (11)97708-6182",https://open.spotify.com/playlist/3tQTQulzKHvqSVwcGF9xhM,Garotos II - O Outro Lado,Leoni,"mpb, brazilian rock, brazilian pop",https://open.spotify.com/track/1wLqPjSFDIH59nhQ5Th5XT,
fast food restaurant,Restaurante,"Sistema Completo PDV com Pagamento Eletrônico Integrado. Ideal para restaurantes fast-food, bares, cafés, sorveterias, food-trucks. Taxas baixas. Integrado com Apps. Menu com Fotos. Agilize seu Atendimento. WhatsApp (35)99146-9739 ou&#x2F;e (11)97708-6182",https://open.spotify.com/playlist/3tQTQulzKHvqSVwcGF9xhM,Casinha Branca,Roberta Campos,"mpb, nova mpb, brazilian pop",https://open.spotify.com/track/2UulLXSktlUcm4nMn2VEOw,
bakery 计数,,,,,,,7,
bakery,seaside donuts bakery,actually enjoyable handpicked songs #abg #abb #val #boba #keshi #hamandcheese #ericou  ,https://open.spotify.com/playlist/6ZRLTdLZXWudmyZrJTm2WJ,take it back,Joon,hyperpop,https://open.spotify.com/track/6JdiFYQLqQQ2tmvjdAAlle,
bakery,my bakery playlist. • After,My Playlist for when I’m at the bakery.,https://open.spotify.com/playlist/0tDPPnaiHGuDuNxUbUJQ5M,I’m Here,SEGA SOUND TEAM,"japanese vgm, soundtrack",https://open.spotify.com/track/1YrCvM2AO0L9EAB50MVQmC,
bakery,my bakery playlist. • After,My Playlist for when I’m at the bakery.,https://open.spotify.com/playlist/0tDPPnaiHGuDuNxUbUJQ5M,Find Your Flame,SEGA SOUND TEAM,"japanese vgm, soundtrack",https://open.spotify.com/track/1O80Lhuq0lKHIiF1HnMgQT,
bakery,my bakery playlist. • After,My Playlist for when I’m at the bakery.,https://open.spotify.com/playlist/0tDPPnaiHGuDuNxUbUJQ5M,Undefeatable,SEGA SOUND TEAM,"japanese vgm, soundtrack",https://open.spotify.com/track/6EO56btPzDF3LUrfwlXi2j,
bakery,Bread making music,light french bakery pop-style music,https://open.spotify.com/playlist/4ygH82upV0S2FDUYJIlqPF,Suis-moi - French Version,Hans Zimmer,soundtrack,https://open.spotify.com/track/2EUmPyZHJiA7gVV7cibve6,pop-style music
bakery,Bread making music,light french bakery pop-style music,https://open.spotify.com/playlist/4ygH82upV0S2FDUYJIlqPF,Le Festin,Camille,french jazz,https://open.spotify.com/track/3yShr5EC1pAAJcEOKj6h1R,pop-style music
bakery,my very girly baking playlist,for when u wanna bake and feel like a rom com lead,https://open.spotify.com/playlist/5rFzYeSFc5wqICX6oPnWpC,Be My Baby,The Ronettes,christmas,https://open.spotify.com/track/1WN4uNclrDuczTO3bCr8s1,
gelato shop 计数,,,,,,,9,
gelato shop,Mérida Vibes,Playlist by Pola Gelato Shop 🍦,https://open.spotify.com/playlist/5P6UD7D7cDLFR2c3BplQHB,Grecia,Elsa y Elmar,"latin indie, mexican indie, latin alternative",https://open.spotify.com/track/6OTGRlCpPGMpPM96g62d2R,
gelato shop,Mérida Vibes,Playlist by Pola Gelato Shop 🍦,https://open.spotify.com/playlist/5P6UD7D7cDLFR2c3BplQHB,Una Vez Más,Ximena Sariñana,"latin indie, mexican indie, latin alternative",https://open.spotify.com/track/51QA40kISsnSTsjwO2mspY,
gelato shop,Mérida Vibes,Playlist by Pola Gelato Shop 🍦,https://open.spotify.com/playlist/5P6UD7D7cDLFR2c3BplQHB,Pajarito del Amor,Carla Morrison,latin indie,https://open.spotify.com/track/6q0Bvy0oaMOPWG0sgG5txg,
gelato shop,New York’s Hottest Club is a Gelato Shop,📍 Anita la Mamma del Gelato,https://open.spotify.com/playlist/5BzBD6Tt2PYtJH1yIQk1yo,Love Me Harder,Ariana Grande,pop,https://open.spotify.com/track/5J4ZkQpzMUFojo1CtAZYpn,
gelato shop,Gelato Secrets Playlist,"The authentic Italian gelato experience, made with 100% natural ingredients. Taste the East meet West unique flavors at our shop @gelatosecrets",https://open.spotify.com/playlist/7sfTe8gwGuR36CnJoNvYMx,Nel blu dipinto di blu' (Volare),Domenico Modugno,"italian singer-songwriter, italo dance, canzone napoletana",https://open.spotify.com/track/7FGhwWgdgiQpcDahQJ81vX,
gelato shop,Gelato Secrets Playlist,"The authentic Italian gelato experience, made with 100% natural ingredients. Taste the East meet West unique flavors at our shop @gelatosecrets",https://open.spotify.com/playlist/7sfTe8gwGuR36CnJoNvYMx,Tu vuò fà l'Americano,Renato Carosone,"canzone napoletana, italo dance",https://open.spotify.com/track/3vpDx65nxsZpwlLhPCmaBf,
gelato shop,Gelato Secrets Playlist,"The authentic Italian gelato experience, made with 100% natural ingredients. Taste the East meet West unique flavors at our shop @gelatosecrets",https://open.spotify.com/playlist/7sfTe8gwGuR36CnJoNvYMx,Chella lla',Nino Taranto,canzone napoletana,https://open.spotify.com/track/5H8mwAVNCMfTmMvJyc7Eme,
gelato shop,gelato,(mostly) work kosher songs to play at ur local gelato shop,https://open.spotify.com/playlist/1wrszjzXY8UOCbjAQCNrK0,Two of Hearts,Stacey Q,"hi-nrg, italo disco, freestyle",https://open.spotify.com/track/2dURQIBrw3XcHyVZlfdpC1,
gelato shop,gelato,(mostly) work kosher songs to play at ur local gelato shop,https://open.spotify.com/playlist/1wrszjzXY8UOCbjAQCNrK0,And I Love Her,Kurt Cobain,grunge,https://open.spotify.com/track/7x4b0UccXSKBWxWmjcrG2T,
fried chicken shop 计数,,,,,,,9,
fried chicken shop,Country Fried Chicken,Bop down to the best Country playlist of the century.,https://open.spotify.com/playlist/0Bh7zsK77gSH7SUgkyZPfF,Chicken Fried,Zac Brown Band,"country, acoustic country",https://open.spotify.com/track/4dGJf1SER1T6ooX46vwzRB,
fried chicken shop,Country Fried Chicken,Bop down to the best Country playlist of the century.,https://open.spotify.com/playlist/0Bh7zsK77gSH7SUgkyZPfF,Big Green Tractor,Jason Aldean,"country, acoustic country",https://open.spotify.com/track/4KAzYqfcijCSZa2P3etHoM,
fried chicken shop,Country Fried Chicken,Bop down to the best Country playlist of the century.,https://open.spotify.com/playlist/0Bh7zsK77gSH7SUgkyZPfF,Win Life,Luke Bryan,"country, acoustic country",https://open.spotify.com/track/6x8AqouGYXQvAiQyRF9ujM,
fried chicken shop,Fried chicken watermelon grape kool aid basketball people music,Finna get arrested for this one🔥🔥🥶🥶,https://open.spotify.com/playlist/0lJKY0RT9XHMDedxjYtqY4,HUMBLE.,Kendrick Lamar,"hip hop, west coast hip hop",https://open.spotify.com/track/7KXjTSCq5nL1LoYtL7XAwS,
fried chicken shop,Fried chicken watermelon grape kool aid basketball people music,Finna get arrested for this one🔥🔥🥶🥶,https://open.spotify.com/playlist/0lJKY0RT9XHMDedxjYtqY4,Mask Off (feat. Kendrick Lamar) - Remix,Future,rap,https://open.spotify.com/track/6dVZCbi9CYtD9LjAHXRjIG,
fried chicken shop,Fried chicken watermelon grape kool aid basketball people music,Finna get arrested for this one🔥🔥🥶🥶,https://open.spotify.com/playlist/0lJKY0RT9XHMDedxjYtqY4,Ransom (with Juice WRLD) - Remix,Lil Tecca,"melodic rap, rap",https://open.spotify.com/track/2WsuSYJNXGKXVYkHPnq2yp,
fried chicken shop,Felix Fried Chicken ,Cookin like a chef imma foive star Michelin🧑‍🍳,https://open.spotify.com/playlist/6phJhLenkeIQmJlPRTFuRt,Dreamers [Music from the FIFA World Cup Qatar 2022 Official Soundtrack],Jung Kook,k-pop,https://open.spotify.com/track/1RDvyOk4WtPCtoqciJwVn8,
fried chicken shop,Felix Fried Chicken ,Cookin like a chef imma foive star Michelin🧑‍🍳,https://open.spotify.com/playlist/6phJhLenkeIQmJlPRTFuRt,Tally,BLACKPINK,k-pop,https://open.spotify.com/track/0bYVPJvXr8ACmw313cVvhB,
fried chicken shop,Felix Fried Chicken ,Cookin like a chef imma foive star Michelin🧑‍🍳,https://open.spotify.com/playlist/6phJhLenkeIQmJlPRTFuRt,Sacrifice (Eat Me Up),ENHYPEN,k-pop,https://open.spotify.com/track/58ItBuVuKc03DvqSeZFnH1,
bbq 计数,,,,,,,10,
bbq,Old School Backyard BBQ,"R&B, Funk, and Pop",https://open.spotify.com/playlist/0igigve7gNw0cwsyFW290Q,Let It Whip,Dazz Band,"funk, post-disco",https://open.spotify.com/track/2UCgWpa2r4ytWueNItYbWE,"R&B, Funk, and Pop"
bbq,Old School Backyard BBQ,"R&amp;B, Funk, and Pop",https://open.spotify.com/playlist/0igigve7gNw0cwsyFW290Q,Let's Groove,"Earth, Wind & Fire",disco,https://open.spotify.com/track/3koCCeSaVUyrRo3N2gHrd8,"R&B, Funk, and Pop"
bbq,Old School Backyard BBQ,"R&amp;B, Funk, and Pop",https://open.spotify.com/playlist/0igigve7gNw0cwsyFW290Q,And the Beat Goes On,The Whispers,"post-disco, quiet storm, disco",https://open.spotify.com/track/7oQ1wkBmYSBEC2x7U08dvn,"R&B, Funk, and Pop"
bbq,Backyard Party Country,"Updated often! Radio Hits, 2K Country, Oldies, and Undiscovered Artitsts perfectly meshed for your next BBQ, Beach Day, or Camp Fire.",https://open.spotify.com/playlist/4QdmaN439k41ihsIw7B9r3,Dancin’ In The Country,Tyler Hubbard,country,https://open.spotify.com/track/6Z1bV93BP95h4YjIavrQPf,
bbq,Backyard Party Country,"Updated often! Radio Hits, 2K Country, Oldies, and Undiscovered Artitsts perfectly meshed for your next BBQ, Beach Day, or Camp Fire.",https://open.spotify.com/playlist/4QdmaN439k41ihsIw7B9r3,She Had Me At Heads Carolina,Cole Swindell,"country, acoustic country",https://open.spotify.com/track/200x8ONbPfFzByUr3fVz46,
bbq,Backyard Party Country,"Updated often! Radio Hits, 2K Country, Oldies, and Undiscovered Artitsts perfectly meshed for your next BBQ, Beach Day, or Camp Fire.",https://open.spotify.com/playlist/4QdmaN439k41ihsIw7B9r3,Fast Car,Luke Combs,country,https://open.spotify.com/track/1Lo0QY9cvc8sUB2vnIOxDT,
bbq,The Essential Cookout Playlist,"Enormous playlist mix for all generations for your cookout, BBQ, fish fry, family reunions and all the functions. Includes the Wobble, Cupid Shuffle, Cha Cha Slide.  ENJOY! Cover: The Fresh Prince&#x2F;Summertime Video",https://open.spotify.com/playlist/2XsPaVsJFBGwC4H8Z4Xzla,Before I Let Go,Maze,quiet storm,https://open.spotify.com/track/6COsBTLkBs5HSkqt1Fdrr1,
bbq,The Essential Cookout Playlist,"Enormous playlist mix for all generations for your cookout, BBQ, fish fry, family reunions and all the functions. Includes the Wobble, Cupid Shuffle, Cha Cha Slide.  ENJOY! Cover: The Fresh Prince&#x2F;Summertime Video",https://open.spotify.com/playlist/2XsPaVsJFBGwC4H8Z4Xzla,"Outstanding - Original 12"" Mix",The Gap Band,"quiet storm, funk",https://open.spotify.com/track/6korvxtUEyt590jUFOfADm,
bbq,Southern Soul BBQ Mix,"mix of gospel music, soul music, blues music, rock music, alternative rock, ambient, indie music, jazz, r&amp;b, hip-hop, funk, country music, pop music, new wave music, synth-pop, reggae, latin music, classical, opera, oldies and disco music in the southern soul bbq mix. in the southern united states.",https://open.spotify.com/playlist/3nTS97zUqxJBQeiXNRs963,Hole In the Wall,Mel Waiters,"blues, footwork, soul blues",https://open.spotify.com/track/5lG0xtobUSiOT2mfJHqtxv,
bbq,Southern Soul BBQ Mix,"mix of gospel music, soul music, blues music, rock music, alternative rock, ambient, indie music, jazz, r&amp;b, hip-hop, funk, country music, pop music, new wave music, synth-pop, reggae, latin music, classical, opera, oldies and disco music in the southern soul bbq mix. in the southern united states.",https://open.spotify.com/playlist/3nTS97zUqxJBQeiXNRs963,I Found Love (On A Lonely Highway),Jeff Floyd,"blues, footwork, soul blues",https://open.spotify.com/track/0k7kfdefyPCDVHtHzgaq6t,
french restaurant 计数,,,,,,,10,
french restaurant,French Café Lounge,"Parlez-vous français? Music from Atmospheric French Cafes, Restaurants and Pubs, Perfect for Coffee, Wine or a Romantic Evening.",https://open.spotify.com/playlist/5kKGc2b2wUmJ0dWWiJ7OwD,Take My Breath Away,Flora Martínez,"bossa nova, bolero",https://open.spotify.com/track/3B0gvjxlqRgY7stPPl3qoQ,
french restaurant,French Café Lounge,"Parlez-vous français? Music from Atmospheric French Cafes, Restaurants and Pubs, Perfect for Coffee, Wine or a Romantic Evening.",https://open.spotify.com/playlist/5kKGc2b2wUmJ0dWWiJ7OwD,Dream a Little Dream of Me,Nenei,"bossa nova, lounge",https://open.spotify.com/track/4JppKuJfgRWte7J5WTHkKu,
french restaurant,French Café Lounge,"Parlez-vous français? Music from Atmospheric French Cafes, Restaurants and Pubs, Perfect for Coffee, Wine or a Romantic Evening.",https://open.spotify.com/playlist/5kKGc2b2wUmJ0dWWiJ7OwD,People From Ibiza,Stella Starlight Trio,"bossa nova, lounge",https://open.spotify.com/track/24dZI4yN19EFFNmPaXnxNU,
french restaurant,French Cafe Lounge,"The Official French Cafe Lounge Playlist - Over 250,000 followers and growing every day! Send requests to: kamdiba@gmail.com",https://open.spotify.com/playlist/3x6xRt9FnSbfPbgiO6incZ,Waiting For The Time,The French Note,french jazz,https://open.spotify.com/track/6cXPcKbfRbWMhozYBc9fWA,
french restaurant,French Cafe Lounge,"The Official French Cafe Lounge Playlist - Over 250,000 followers and growing every day! Send requests to: kamdiba@gmail.com",https://open.spotify.com/playlist/3x6xRt9FnSbfPbgiO6incZ,On saura pas,Presque Oui,french jazz,https://open.spotify.com/track/252y7cLUYBijSJo1Qd8Yap,
french restaurant,"Le Petit Bistrot , modern French mixed music list for restaurante ( modern fransk spellista ).",Music list for restaurant &#x2F; bistro environment with French modern sound . Mixed new and old songs and songs with derivation to France.  - updated regularly (when new suitable songs are found). - Chansons francaises modernes.,https://open.spotify.com/playlist/4YJ8JthYy1D3g6pyuKFWr5,Le temps est bon,Bon Entendeur,"french indie pop, french house, french pop",https://open.spotify.com/track/2U5kSevItDmL0XzSDyemRp,
french restaurant,"Le Petit Bistrot , modern French mixed music list for restaurante ( modern fransk spellista ).",Music list for restaurant &#x2F; bistro environment with French modern sound . Mixed new and old songs and songs with derivation to France.  - updated regularly (when new suitable songs are found). - Chansons francaises modernes.,https://open.spotify.com/playlist/4YJ8JthYy1D3g6pyuKFWr5,Battez-vous,Brigitte,"chanson, french house, french pop, variété française, french indie pop",https://open.spotify.com/track/7IlmHApoMCIv39Z5JRZyrk,
french restaurant,"Le Petit Bistrot , modern French mixed music list for restaurante ( modern fransk spellista ).",Music list for restaurant &#x2F; bistro environment with French modern sound . Mixed new and old songs and songs with derivation to France.  - updated regularly (when new suitable songs are found). - Chansons francaises modernes.,https://open.spotify.com/playlist/4YJ8JthYy1D3g6pyuKFWr5,Chou wasabi (feat. Micky Green),Julien Doré,"variété française, french pop, chanson, french house, french indie pop",https://open.spotify.com/track/1mZbP5dp7CAU2qZI2I6OiV,
french restaurant,Côte D'Azur Chill & Relax Café,Chilled and relaxing cafe and restaurant music. Inspired by the lovely french coast atmosphere.,https://open.spotify.com/playlist/5AVcGAxYdaF3nYdh5YVe6A,New Orleans,Living Room,"lo-fi, lo-fi beats",https://open.spotify.com/track/6y7X91V6qWlUCBje4qcCy9,Chilled and relaxing
french restaurant,Côte D'Azur Chill & Relax Café,Chilled and relaxing cafe and restaurant music. Inspired by the lovely french coast atmosphere.,https://open.spotify.com/playlist/5AVcGAxYdaF3nYdh5YVe6A,Tarantino Margarita,l'eupe,"lo-fi beats, lo-fi",https://open.spotify.com/track/43pdAzscfICwnhkWncwBg2,Chilled and relaxing
italian restaurant 计数,,,,,,,9,
italian restaurant,Italian Music Restaurant ,"Eat in Italy: music for cooking pizza, spaghetti, lasagna e gelato. Authentic italian sound",https://open.spotify.com/playlist/1mC9cVph2HgMYgo4ysiecg,'O Surdato 'Nnamurato,Roberto Murolo,"canzone napoletana, italian singer-songwriter",https://open.spotify.com/track/6L1Ua51xVRZ1K5h3Gw9QNw,
italian restaurant,Italian Mafia Music,,https://open.spotify.com/playlist/1fUODRPMuKuyjriCYLzquA,That's Amore - 1996 Digital Remaster,Dean Martin,"christmas, adult standards, big band, swing music",https://open.spotify.com/track/7ha6LU5Dle7FGBh0I9LZIa,
italian restaurant,Italian Mafia Music,,https://open.spotify.com/playlist/1fUODRPMuKuyjriCYLzquA,Ain't That A Kick In The Head - Remastered 1997,Dean Martin,"christmas, adult standards, big band, swing music",https://open.spotify.com/track/4qQ8sToR3GNossXlwSlyKz,
italian restaurant,Italian Mafia Music,,https://open.spotify.com/playlist/1fUODRPMuKuyjriCYLzquA,Volare (Nel Blu Di Pinto Di Blu) - Remastered 1998,Dean Martin,"christmas, adult standards, big band, swing music",https://open.spotify.com/track/5OkKOkdVTKFrYi6GWXkMzR,
italian restaurant,"Best Italian Restaurant Music - Jazz, Lounge, Happy Hour", ,https://open.spotify.com/playlist/1nY5MAq8ireRzv0pDklf5B,Tu Vuo Fa L'americano,Melania,"canzone napoletana, electro swing, bossa nova, lounge",https://open.spotify.com/track/7yuVO1kutIdrbq8o4cZVdx,
italian restaurant,"Best Italian Restaurant Music - Jazz, Lounge, Happy Hour",,https://open.spotify.com/playlist/1nY5MAq8ireRzv0pDklf5B,La felicità (feat. Peter Cincotti),Simona Molinari,electro swing,https://open.spotify.com/track/0PCETLK5gFG86OPigGDw2e,
italian restaurant,"ITALIAN RESTAURANT CHILL | Musica Italiana  Lounge, Jazz, Chillout | SUMMER 2025",,https://open.spotify.com/playlist/7a0G8ma3bg3ZJATFh7DylA,Figli Delle Stelle,Papik,"acid jazz, nu jazz, lounge, bossa nova",https://open.spotify.com/track/6ZwCQqYV45nxlvuAq1MzbO,
italian restaurant,"ITALIAN RESTAURANT CHILL | Musica Italiana  Lounge, Jazz, Chillout | SUMMER 2025",,https://open.spotify.com/playlist/7a0G8ma3bg3ZJATFh7DylA,Tutta La Vita,Bodyles,"acid jazz, nu jazz, jazz house",https://open.spotify.com/track/5yIxnNFhGHA8tlr7knFLr3,
italian restaurant,"ITALIAN RESTAURANT CHILL | Musica Italiana  Lounge, Jazz, Chillout | SUMMER 2025",,https://open.spotify.com/playlist/7a0G8ma3bg3ZJATFh7DylA,La Gatta,Papik,"acid jazz, nu jazz, lounge, bossa nova",https://open.spotify.com/track/1ve8SQKIKHUSTYZgOEcRTV,
mexican restaurant 计数,,,,,,,10,
mexican restaurant,Mexican Restaurant Con Sabor,Música variada en español que te guía en un viaje lleno de emociones y gratos recuerdos. ¡Viva Mexico!,https://open.spotify.com/playlist/0CB9SH5F2G9vevtrE7KiFp,un x100to,Grupo Frontera,"cumbia norteña, banda, norteño, música mexicana, corrido, corridos tumbados, grupera, corridos bélicos, tejano",https://open.spotify.com/track/6pD0ufEQq0xdHSsRbg9LBK,
mexican restaurant,Mexican Restaurant Con Sabor,Música variada en español que te guía en un viaje lleno de emociones y gratos recuerdos. ¡Viva Mexico!,https://open.spotify.com/playlist/0CB9SH5F2G9vevtrE7KiFp,La Chona,Los Tucanes De Tijuana,"corrido, norteño, cumbia norteña, música mexicana, banda",https://open.spotify.com/track/6pq7EtEDWgD5Sh02RJaXK7,
mexican restaurant,Chipotle Music,Some songs from Chipotle Mexican Grills&#x27;s national restaurant playlist.,https://open.spotify.com/playlist/4UDT7yID7U83nIEyf1SBYU,Tir Ha mor,Gwenno,space rock,https://open.spotify.com/track/344GtQ4nv34fXhh2G0sh7S,
mexican restaurant,Chipotle Music,Some songs from Chipotle Mexican Grills&#x27;s national restaurant playlist.,https://open.spotify.com/playlist/4UDT7yID7U83nIEyf1SBYU,Infin Path,Neggy Gemmy,vaporwave,https://open.spotify.com/track/2rV0KYT03fnYEU9oYMGrfF,
mexican restaurant,Mexican/American Restaurant LH,"This is Los Huicholes Restaurant Playlist, just like our food, we got a little bit of everything for every taste",https://open.spotify.com/playlist/2cyymp3z1tzpo0TfTHvKO5,Son De La Negra,Mariachi Vargas De Tecalitlán,"mariachi, música mexicana, ranchera",https://open.spotify.com/track/14mPMMwXf9GHp1Tw435f2d,
mexican restaurant,Mexican/American Restaurant LH,"This is Los Huicholes Restaurant Playlist, just like our food, we got a little bit of everything for every taste",https://open.spotify.com/playlist/2cyymp3z1tzpo0TfTHvKO5,México En La Piel,Luis Miguel,"mariachi, bolero, latin pop",https://open.spotify.com/track/5BPq1UQa1NSN647R6IzD3n,
mexican restaurant,Mexican/American Restaurant LH,"This is Los Huicholes Restaurant Playlist, just like our food, we got a little bit of everything for every taste",https://open.spotify.com/playlist/2cyymp3z1tzpo0TfTHvKO5,"Corro, Vuelo, Me Acelero",Timbiriche,latin pop,https://open.spotify.com/track/4yGUOyywIWCCvXq7FRMhGA,
mexican restaurant,Mexican Restaurant Music,Señor Tequila 🇲🇽 Restaurant @KcMo ,https://open.spotify.com/playlist/0yMaquoSkLlSsp0vmKkdXH,Dile a El,Rauw Alejandro,"reggaeton, urbano latino, trap latino, latin",https://open.spotify.com/track/13Tbv4nflNxg9kYBIbJnd9,
mexican restaurant,Mexican Restaurant Music,Señor Tequila 🇲🇽 Restaurant @KcMo ,https://open.spotify.com/playlist/0yMaquoSkLlSsp0vmKkdXH,TULUM,Peso Pluma,"corrido, corridos tumbados, corridos bélicos, música mexicana, sad sierreño, electro corridos, banda",https://open.spotify.com/track/7bPp2NmpmyhLJ7zWazAXMu,
mexican restaurant,Mexican Restaurant Music,Señor Tequila 🇲🇽 Restaurant @KcMo ,https://open.spotify.com/playlist/0yMaquoSkLlSsp0vmKkdXH,Ojitos Lindos,Bad Bunny,"reggaeton, trap latino, latin, urbano latino",https://open.spotify.com/track/3k3NWokhRRkEPhCzPmV8TW,
indian restaurant 计数,,,,,,,10,
indian restaurant,Bombay Mahal ,Maine’s Oldest Indian Restaurant ,https://open.spotify.com/playlist/6cHjhElQnzm0riYZb7fRyW,Jaani Tera Naa,Sunanda Sharma,"bhangra, punjabi pop, desi, desi pop, bollywood",https://open.spotify.com/track/0LZA36VEmc6n0Y7X29zIgE,
indian restaurant,Bombay Mahal ,Maine’s Oldest Indian Restaurant ,https://open.spotify.com/playlist/6cHjhElQnzm0riYZb7fRyW,Naah,Harrdy Sandhu,"punjabi pop, bhangra, desi pop, desi, hindi pop, bollywood",https://open.spotify.com/track/0zRsGGueSQLRkYWs4kPA4V,
indian restaurant,MAZU Restaurant Playlist,"Tune into our house curated playlist. A mix of Indian, Tiawanese and Israeli music.",https://open.spotify.com/playlist/7cUZdyFEa9UqpaaJhKjjZQ,עוד יום,Full Trunk,mizrahi,https://open.spotify.com/track/6DNfX5wKJklQeVVfqKZASC,
indian restaurant,MAZU Restaurant Playlist,"Tune into our house curated playlist. A mix of Indian, Tiawanese and Israeli music.",https://open.spotify.com/playlist/7cUZdyFEa9UqpaaJhKjjZQ,Lover,Diljit Dosanjh,"bhangra, punjabi pop, punjabi hip hop, desi, bollywood, desi pop",https://open.spotify.com/track/0XwRlvv3KlOu4HWlOH34XG,
indian restaurant,Bollywood Vibe Playlist for Indian Restaurant ,"Upbeat, Bollywood classics, Jazz, Vibrant, Modern for an Indian Fusion or Traditional Restaurant",https://open.spotify.com/playlist/3EK2tvsomokqOkSDD5k4iE,"Teri Baaton Mein Aisa Uljha Jiya Title Song (From ""Teri Baaton Mein Aisa Uljha Jiya"")",Raghav,"bollywood, desi pop, desi, hindi indie, hindi pop",https://open.spotify.com/track/6IR6mzRO60hnMjNoq8rCPE,"Upbeat, Bollywood classics, Jazz, Vibrant"
indian restaurant,Bollywood Vibe Playlist for Indian Restaurant ,"Upbeat, Bollywood classics, Jazz, Vibrant, Modern for an Indian Fusion or Traditional Restaurant",https://open.spotify.com/playlist/3EK2tvsomokqOkSDD5k4iE,"Akhiyaan Gulaab (From ""Teri Baaton Mein Aisa Uljha Jiya"")",Mitraz,"indian indie, hindi indie, desi pop, desi, hindi pop",https://open.spotify.com/track/0M0ANKNzmM4Odd7FNKghzW,"Upbeat, Bollywood classics, Jazz, Vibrant"
indian restaurant,Indian Restaurant Music,,https://open.spotify.com/playlist/70WwETHhR5ZAuXujy3etG7,Jab Se Tere Naina,Monty Sharma,"bollywood, sufi, hindi pop",https://open.spotify.com/track/0gRNu9dVzi5aC87AI1empZ,
indian restaurant,Indian Sitar & Tabla,,https://open.spotify.com/playlist/6d3siRS02NrkJIoLv1TbnU,Tabla - Dhwani - Digitally Remastered,Traditional,"medieval, traditional music, sufi, bhajan, gregorian chant, qawwali",https://open.spotify.com/track/3pJU0qKkIDjSDICaoJyRNq,
indian restaurant,Indian and Eastern House and Chill,,https://open.spotify.com/playlist/2Y576mBSNcPfmdgPIOnJIM,Kamala,Siva Prayojan,melodic techno,https://open.spotify.com/track/2vAZguJzFHKTCxgoxqOQ2I,
indian restaurant,Indian Lounge Chill ,,https://open.spotify.com/playlist/0Pv1zlkhve0c4EKk3VoUY1,Time - India Tabla Mix,Rainman,lounge,https://open.spotify.com/track/0lZDCkSlyBld2Qko7FsidW,
